PC,Explained Variance,Cumulative Variance
 ,0.0,0.0
PC1,0.5124914421513288,0.5125
PC2,0.30291311210399136,0.8153999999999999
PC3,0.17804419659855164,0.9933999999999998
