PC,Explained Variance,Cumulative Variance
 ,0.0,0.0
PC1,0.5210015050689363,0.521
PC2,0.2998130693975824,0.8208
PC3,0.17493633326883318,0.9957
