PC,Explained Variance,Cumulative Variance
 ,0.0,0.0
PC1,0.5039531829085342,0.504
PC2,0.3034889833023857,0.8075
PC3,0.18697244666250543,0.9944999999999999
